document_id,title,author,created_date,last_modified,category,tags,content
DOC001,Annual Financial Report 2023,John Smith,2023-01-15,2023-02-10,Report,"finance, annual, 2023","This report provides a comprehensive overview of the company's financial performance during the fiscal year 2023. It includes audited balance sheets, income statements, and detailed cash flow analysis. Key highlights include a 12% revenue increase compared to 2022 and cost optimization strategies that improved net margins. The report also discusses challenges faced due to supply chain disruptions and outlines future growth projections."
DOC002,Employee Handbook,HR Department,2021-07-01,2023-03-20,Policy,"hr, onboarding, rules","The employee handbook serves as a foundational guide for all staff members. It outlines essential company policies regarding working hours, leave entitlements, workplace conduct, and the use of company assets. It also includes a section on health and safety regulations, ensuring employees are aware of emergency procedures and reporting protocols. Updates in the 2023 revision emphasize inclusivity and remote work arrangements."
DOC003,AI Research Proposal,Test Guy,2023-05-05,2023-05-12,Proposal,"ai, research, nlp","This proposal introduces a novel approach for detecting misinformation using transformer-based architectures. The research emphasizes the limitations of traditional rule-based systems and demonstrates how modern deep learning models can improve accuracy. Proposed experiments will use benchmark datasets such as LIAR and FakeNewsNet, with an evaluation framework based on precision, recall, and F1 score. The long-term objective is to deploy the system as a real-time fact-checking tool."
DOC004,Marketing Strategy Q2 2023,Sarah Lee,2023-04-01,2023-04-15,Strategy,"marketing, q2, sales","The Q2 marketing strategy prioritizes digital-first campaigns, with a focus on search engine optimization, paid social media ads, and influencer collaborations. Special attention will be given to expanding reach in the EMEA market, with localized campaigns in three key languages. Customer engagement metrics such as click-through rate and retention will be tracked weekly. Additionally, budget allocations will shift toward video-based advertising given the success of Q1 pilots."
DOC005,Office Renovation Invoice,BuildCorp Ltd.,2022-11-18,2022-11-18,Invoice,"invoice, renovation, office","This invoice covers the office renovation project carried out in November 2022. Services included full repainting of all floors, installation of new LED lighting systems, and replacement of old carpeting with vinyl flooring. Additional costs were incurred for electrical rewiring and ergonomic workstation adjustments. The total billed amount reflects labor, materials, and a one-year maintenance guarantee."
DOC006,Software License Agreement,TechSoft Inc.,2022-09-10,2023-01-05,Contract,"software, license, agreement","This agreement establishes the terms of use for TechSoft’s enterprise software solution. The license is granted on a non-exclusive, non-transferable basis for a duration of three years. Customers are entitled to security patches, bug fixes, and two major version upgrades within the contract period. Clauses on data privacy, liability, and service-level agreements are included to ensure compliance with GDPR and ISO standards. Termination conditions and renewal fees are detailed in section 7."
DOC007,Training Program Outline,Learning & Development,2023-04-05,2023-04-10,Training,"training, development, employees","The training program is designed to enhance leadership, communication, and technical skills across the organization. It consists of three modules: management essentials, project execution, and advanced analytics. Participants will engage in workshops, case studies, and simulation exercises. The program also emphasizes continuous learning through follow-up mentorship sessions and digital resources available on the company’s LMS."
DOC008,IT Infrastructure Report,IT Department,2023-06-01,2023-06-15,Report,"it, infrastructure, systems","The report evaluates the recent upgrades to the organization’s IT infrastructure. Core improvements include server virtualization, enhanced firewall protection, and migration of databases to a hybrid cloud environment. Performance benchmarks indicate a 30% improvement in query response time and a 25% reduction in downtime incidents. The report also outlines future projects, such as zero-trust security models and AI-driven monitoring tools."
DOC009,Customer Feedback Analysis,Analytics Team,2023-03-12,2023-03-25,Analysis,"customers, feedback, analytics","This document consolidates customer feedback collected across email surveys, call center interactions, and product review platforms. Sentiment analysis reveals that 72% of customers expressed positive experiences, particularly regarding after-sales support. Areas for improvement include delivery times and mobile app usability. Recommendations include process automation in logistics and a redesign of the app’s user interface. A follow-up survey is planned for Q3 2023."
DOC010,Project Roadmap 2023-2024,PMO,2023-02-01,2023-05-10,Planning,"projects, roadmap, 2024","The roadmap outlines strategic initiatives and project timelines for the 2023–2024 period. Major milestones include the rollout of the new customer portal in Q3 2023 and the integration of AI-driven analytics tools by mid-2024. Dependencies, risks, and mitigation strategies are clearly documented. Resource allocation charts provide visibility into staffing requirements, while Gantt charts highlight interdependencies between ongoing projects."
DOC011,Cybersecurity Policy,IT Security,2022-12-01,2023-01-20,Policy,"security, policy, compliance","The cybersecurity policy establishes company-wide protocols for safeguarding digital assets. Key sections address password management, two-factor authentication, and incident response procedures. The policy also mandates quarterly security awareness training for all employees. Compliance with ISO/IEC 27001 standards is enforced, and third-party vendors must adhere to equivalent frameworks. Updates in 2023 strengthen policies around cloud usage and endpoint security."
DOC012,Sustainability Report 2022,Environmental Dept.,2022-10-05,2022-12-15,Report,"sustainability, environment, 2022","The sustainability report documents initiatives aimed at reducing the company’s carbon footprint. Highlights include a 20% reduction in energy consumption due to solar panel installations and an 18% reduction in paper usage through digitalization. The report also showcases community outreach programs supporting reforestation efforts. A roadmap for achieving net-zero emissions by 2035 is provided, with interim targets for 2025 and 2030."
DOC013,Conference Presentation Slides,Research Team,2023-07-10,2023-07-15,Presentation,"conference, slides, research","The presentation highlights recent findings in AI and Data Science, with a focus on real-world applications in finance, healthcare, and cybersecurity. It includes case studies on fraud detection, predictive maintenance, and personalized medicine. The slides are designed to accompany a 30-minute talk at the Annual AI Summit 2023. Future research directions, including multimodal models and federated learning, are discussed in the concluding section."
DOC014,Supplier Contract - Alpha Supplies,Procurement,2023-01-20,2023-01-20,Contract,"supplies, contract, procurement",Contract with Alpha Supplies for provision of raw materials for Q1-Q2 2023.
DOC015,Market Research Report - EMEA,Market Research Team,2023-02-15,2023-03-01,Research,"market, research, emea",Comprehensive research report analyzing market trends in the EMEA region.
